"Timestamp","ID","Name","Time taken on Book Flight page","Time taken on Select Flight Page","Time taken on Service page","Time taken on Select Seat page","Payment Screen","Difficulties faced"
"2015/09/27 10:34:05 AM GMT","201412037","Subham Agrawal","10s","38s","48s","3min 12s","40s","difficult to use because take time to understand site view "
"2015/09/27 10:45:28 AM GMT","201412027","Harsh Soni","22","15","30","No seat page.","20","Difficulties to find different flights"
"2015/09/27 10:56:59 AM GMT","201412059","Karan Soni","8.41 seconds","4.22 seconds","79.33 seconds","3.97 seconds","75.56 seconds","Every time we need to scroll on Payment Page to fill payment details. ""Review Booking"" prompt is very small. So it needs scrolling more."
"2015/09/27 11:21:30 AM GMT","201412049","Sarjak Gandhi","30","90","120","35","20","The site is quite confusing and the form of search for flight was almost invisible and the home page was much crowded."
"2015/09/27 11:48:58 AM GMT","201412013","Aditya Thakkar","28","14","131","11","53","Color of controls and interface mixed so difficult to know flight details like layover."
"2015/09/27 12:48:02 PM GMT","201412047","Deep amin","20","8","110","7","110","Nthing"
"2015/09/27 12:57:21 PM GMT","201412014","Rahul Salot","20sec","15sec","1min.25sec","30sec.","1min.","Clumsy Interface"
"2015/09/27 5:06:48 PM GMT","201412047","Deep amin","20","8","110","7","110","Nthing"
"2015/09/28 4:19:50 AM GMT","201412080","Bhavin Shah","9 ","5","5","6","7","App stopped suddenly"
"2015/09/28 4:37:42 AM GMT","201412027","Harsh Soni","50","17","1.21","7","32","Too much information, can't get all details in one view, can't find where to start on book flight page, need to scroll in service page"
"2015/09/28 4:38:40 PM GMT","201412032","Dhaval Barot","22s","27s","60s","19s","90s","Lack of free space"
"2015/09/29 3:48:20 PM GMT","201412029","Kishor Davara","22 sc","41 sc","141 sec","31 sec","58 sec","Bad user interface it takes more time to find particular things"
"2015/09/30 6:59:34 PM GMT","201412004","Sarjit Delivala","60 Sec","30 Sec","2-3 min","40 sec","20 sec","Everytime I need to scroll up and down to fill the details. Also in selection of seat"
"2015/10/01 3:30:40 AM GMT","201412028","Chintan Tundia","20","149","185","85","35","In Book Flight page source and destination had to be compulsory be selected else if you write source and destination and then submit the form it wont work"