"Timestamp","1. Disclaimer ","2. Home Screen","3. Flight Search Screen","4. Search Result Screen","5. Price Summary Screen","6. Traveller's Details Screen","7. Additional Service Screen","8. Review Booking Screen","9. Payment Information Screen","Any Difficulties that you found in the UI ?"
"2015/09/27 10:39:06 AM GMT","200","60","40","52","35","72","90","15","5","Too congested, very small text boxes in traveler's details, not good readable information of selected flights (time table too congested), "
"2015/09/27 11:01:25 AM GMT","31","30","35","10","12","58","110","10","40","Serial number should be given in result of search flight."
"2015/09/27 11:02:16 AM GMT","24","20","33","10","11","90","75","13","48","serial number required in result of search flight."
"2015/09/27 11:15:20 AM GMT","110.26","6.20","21.22","3.02","5.16","40.11","6.75","6.81","24.73","-Home Screen is just slideshow. ""Search Flight"" as a home-screen can be useful.
-No emergency contact details were asked in mobile app.
-In the Menu, little transparent background with the slideshow behind is bit distracting.
-Indigo Logo on the right-top corner looks like a button.
-To search city, to open keyboard in ""From City"" Selection. It needs two clicks. If we click once, it just shows the list to select but not opens keyboard.

Form Filled By:
201412059
Karan Soni"
"2015/09/27 11:49:05 AM GMT","135","25","31","7","8","54","25","4","42","The color combination was difficult for easy navigation and finding proper control for details because of colors"
"2015/09/27 12:36:31 PM GMT","139","4","10","12","6","55","5","10","35","id 201412047
Name deep amin"
"2015/09/27 1:05:13 PM GMT","2","23","5","5","7","40","5","5","30","Nope"
"2015/09/28 4:22:39 AM GMT","118","10","24","6","7","50","10","8","45","Color combination is not as good as it should be"
"2015/09/28 5:01:40 AM GMT","74","51","31","66","16","68","60","30","40","Could not understand the purpose of slider in Home Screen

Could not find one way while booking for the first time

Couldn't understand the meaning of the tabs Time and Price in Search Result screen
"
"2015/09/28 4:47:08 PM GMT","20","21","28","11","9","45","64","15","73","Unnecessary Screens are given for only showing cities without any data.
Color combination are like that we are not able to understand on which one to focus.
Does not allow to select seat
"
"2015/09/30 7:09:29 PM GMT","10","20","10","3","15","30","14","5","11","UI Components are too big and are reserving much space.

Fonts are not difficult to understand in one glance."